city,zone_id,zone_name,level,nis5,nis9,property_type,as_of,n_transactions,total_price_eur,total_surface_m2,eur_m2_derived,median_total_eur,p10,q25,q50,q75,p90,quantiles_basis,status,confidence,source,source_url,collected_at
bruxelles,21001,21001,commune,21001,,Maisons avec 4 ou plus de façades (type ouvert),2025,,,,,,,,,,,,a_collecter,a_collecter,statbel_cadastre,,2026-07-01T13:02:44+00:00
bruxelles,21001a32k,21001A32K,secteur_statistique,21001,21001A32K,Appartements,2024,59,,,,165000,117000,137000,165000,186000,205000,total_price_eur,real,officiel,statbel_cadastre,https://statbel.fgov.be/sites/default/files/files/opendata/Immo%20sector/TF_IMMO_SECTOR.zip,2026-07-01T13:02:46+00:00
bruxelles,21001a41k,21001A41K,secteur_statistique,21001,21001A41K,Appartements,2024,24,,,,186000,137000,152500,186000,225000,235000,total_price_eur,real,officiel,statbel_cadastre,https://statbel.fgov.be/sites/default/files/files/opendata/Immo%20sector/TF_IMMO_SECTOR.zip,2026-07-01T13:02:46+00:00
bruxelles,21001a50k,21001A50K,secteur_statistique,21001,21001A50K,Appartements,2024,40,,,,182250,136000,151250,182250,205000,230000,total_price_eur,real,officiel,statbel_cadastre,https://statbel.fgov.be/sites/default/files/files/opendata/Immo%20sector/TF_IMMO_SECTOR.zip,2026-07-01T13:02:46+00:00
bruxelles,21001a51k,21001A51K,secteur_statistique,21001,21001A51K,Appartements,2024,24,,,,207000,130000,153000,207000,249000,270000,total_price_eur,real,officiel,statbel_cadastre,https://statbel.fgov.be/sites/default/files/files/opendata/Immo%20sector/TF_IMMO_SECTOR.zip,2026-07-01T13:02:46+00:00
bruxelles,21001a81l,21001A81L,secteur_statistique,21001,21001A81L,Appartements,2024,26,,,,232500,118000,180000,232500,260000,284500,total_price_eur,real,officiel,statbel_cadastre,https://statbel.fgov.be/sites/default/files/files/opendata/Immo%20sector/TF_IMMO_SECTOR.zip,2026-07-01T13:02:46+00:00
bruxelles,21002,21002,commune,21002,,Maisons avec 4 ou plus de façades (type ouvert),2025,,,,,,,,,,,,a_collecter,a_collecter,statbel_cadastre,,2026-07-01T13:02:44+00:00
bruxelles,21002a21,21002A21-,secteur_statistique,21002,21002A21-,Appartements,2024,40,,,,325000,225000,268750,325000,350000,400000,total_price_eur,real,officiel,statbel_cadastre,https://statbel.fgov.be/sites/default/files/files/opendata/Immo%20sector/TF_IMMO_SECTOR.zip,2026-07-01T13:02:46+00:00
bruxelles,21002a43,21002A43-,secteur_statistique,21002,21002A43-,Appartements,2024,26,,,,370000,175000,287500,370000,460000,605000,total_price_eur,real,officiel,statbel_cadastre,https://statbel.fgov.be/sites/default/files/files/opendata/Immo%20sector/TF_IMMO_SECTOR.zip,2026-07-01T13:02:46+00:00
bruxelles,21002a511,21002A511,secteur_statistique,21002,21002A511,Appartements,2024,21,,,,311250,224000,278500,311250,397500,469000,total_price_eur,real,officiel,statbel_cadastre,https://statbel.fgov.be/sites/default/files/files/opendata/Immo%20sector/TF_IMMO_SECTOR.zip,2026-07-01T13:02:46+00:00
bruxelles,21002a53,21002A53-,secteur_statistique,21002,21002A53-,Appartements,2024,20,,,,249000,185500,227500,249000,282500,377500,total_price_eur,real,officiel,statbel_cadastre,https://statbel.fgov.be/sites/default/files/files/opendata/Immo%20sector/TF_IMMO_SECTOR.zip,2026-07-01T13:02:46+00:00
bruxelles,21003,21003,commune,21003,,Maisons avec 4 ou plus de façades (type ouvert),2025,,,,,,,,,,,,a_collecter,a_collecter,statbel_cadastre,,2026-07-01T13:02:44+00:00
bruxelles,21003a02,21003A02-,secteur_statistique,21003,21003A02-,Appartements,2024,31,,,,200000,162000,175000,200000,270000,343000,total_price_eur,real,officiel,statbel_cadastre,https://statbel.fgov.be/sites/default/files/files/opendata/Immo%20sector/TF_IMMO_SECTOR.zip,2026-07-01T13:02:46+00:00
bruxelles,21003a10,21003A10-,secteur_statistique,21003,21003A10-,Appartements,2024,23,,,,200000,160000,189000,200000,270000,283000,total_price_eur,real,officiel,statbel_cadastre,https://statbel.fgov.be/sites/default/files/files/opendata/Immo%20sector/TF_IMMO_SECTOR.zip,2026-07-01T13:02:46+00:00
bruxelles,21004,21004,commune,21004,,Maisons avec 4 ou plus de façades (type ouvert),2025,,,,,,,,,,,,a_collecter,a_collecter,statbel_cadastre,,2026-07-01T13:02:44+00:00
bruxelles,21004a03,21004A03-,secteur_statistique,21004,21004A03-,Appartements,2024,21,,,,235000,164500,185000,235000,315000,396000,total_price_eur,real,officiel,statbel_cadastre,https://statbel.fgov.be/sites/default/files/files/opendata/Immo%20sector/TF_IMMO_SECTOR.zip,2026-07-01T13:02:46+00:00
bruxelles,21004a21,21004A21-,secteur_statistique,21004,21004A21-,Appartements,2024,33,,,,335000,110000,179000,335000,408000,525000,total_price_eur,real,officiel,statbel_cadastre,https://statbel.fgov.be/sites/default/files/files/opendata/Immo%20sector/TF_IMMO_SECTOR.zip,2026-07-01T13:02:46+00:00
bruxelles,21004a22,21004A22-,secteur_statistique,21004,21004A22-,Appartements,2024,34,,,,265000,175000,210000,265000,300000,405000,total_price_eur,real,officiel,statbel_cadastre,https://statbel.fgov.be/sites/default/files/files/opendata/Immo%20sector/TF_IMMO_SECTOR.zip,2026-07-01T13:02:46+00:00
bruxelles,21004a23,21004A23-,secteur_statistique,21004,21004A23-,Appartements,2024,31,,,,330000,196000,285000,330000,465000,565000,total_price_eur,real,officiel,statbel_cadastre,https://statbel.fgov.be/sites/default/files/files/opendata/Immo%20sector/TF_IMMO_SECTOR.zip,2026-07-01T13:02:46+00:00
bruxelles,21004a24,21004A24-,secteur_statistique,21004,21004A24-,Appartements,2024,49,,,,284500,190250,234000,284500,361000,489460,total_price_eur,real,officiel,statbel_cadastre,https://statbel.fgov.be/sites/default/files/files/opendata/Immo%20sector/TF_IMMO_SECTOR.zip,2026-07-01T13:02:46+00:00
bruxelles,21004a32,21004A32-,secteur_statistique,21004,21004A32-,Appartements,2024,30,,,,375000,237500,290000,375000,440000,510000,total_price_eur,real,officiel,statbel_cadastre,https://statbel.fgov.be/sites/default/files/files/opendata/Immo%20sector/TF_IMMO_SECTOR.zip,2026-07-01T13:02:46+00:00
bruxelles,21004a33,21004A33-,secteur_statistique,21004,21004A33-,Appartements,2024,43,,,,245500,187000,195000,245500,265000,361000,total_price_eur,real,officiel,statbel_cadastre,https://statbel.fgov.be/sites/default/files/files/opendata/Immo%20sector/TF_IMMO_SECTOR.zip,2026-07-01T13:02:46+00:00
bruxelles,21004a35,21004A35-,secteur_statistique,21004,21004A35-,Appartements,2024,27,,,,235000,150000,182500,235000,265000,405000,total_price_eur,real,officiel,statbel_cadastre,https://statbel.fgov.be/sites/default/files/files/opendata/Immo%20sector/TF_IMMO_SECTOR.zip,2026-07-01T13:02:46+00:00
bruxelles,21004a811,21004A811,secteur_statistique,21004,21004A811,Appartements,2024,36,,,,297500,165000,180000,297500,432503,560000,total_price_eur,real,officiel,statbel_cadastre,https://statbel.fgov.be/sites/default/files/files/opendata/Immo%20sector/TF_IMMO_SECTOR.zip,2026-07-01T13:02:46+00:00
bruxelles,21004b2nk,21004B2NK,secteur_statistique,21004,21004B2NK,Appartements,2024,22,,,,432500,325000,335000,432500,499000,520000,total_price_eur,real,officiel,statbel_cadastre,https://statbel.fgov.be/sites/default/files/files/opendata/Immo%20sector/TF_IMMO_SECTOR.zip,2026-07-01T13:02:46+00:00
bruxelles,21004b421,21004B421,secteur_statistique,21004,21004B421,Appartements,2024,45,,,,263000,195000,221000,263000,395000,520000,total_price_eur,real,officiel,statbel_cadastre,https://statbel.fgov.be/sites/default/files/files/opendata/Immo%20sector/TF_IMMO_SECTOR.zip,2026-07-01T13:02:46+00:00
bruxelles,21004b43,21004B43-,secteur_statistique,21004,21004B43-,Appartements,2024,22,,,,289500,195000,210000,289500,405000,440000,total_price_eur,real,officiel,statbel_cadastre,https://statbel.fgov.be/sites/default/files/files/opendata/Immo%20sector/TF_IMMO_SECTOR.zip,2026-07-01T13:02:46+00:00
bruxelles,21004b44,21004B44-,secteur_statistique,21004,21004B44-,Appartements,2024,31,,,,268000,165500,177500,268000,395000,445000,total_price_eur,real,officiel,statbel_cadastre,https://statbel.fgov.be/sites/default/files/files/opendata/Immo%20sector/TF_IMMO_SECTOR.zip,2026-07-01T13:02:46+00:00
bruxelles,21004c54k,21004C54K,secteur_statistique,21004,21004C54K,Appartements,2024,62,,,,326250,160000,185000,326250,400000,810000,total_price_eur,real,officiel,statbel_cadastre,https://statbel.fgov.be/sites/default/files/files/opendata/Immo%20sector/TF_IMMO_SECTOR.zip,2026-07-01T13:02:46+00:00
bruxelles,21004c55k,21004C55K,secteur_statistique,21004,21004C55K,Appartements,2024,35,,,,478000,185000,270000,478000,677500,1060000,total_price_eur,real,officiel,statbel_cadastre,https://statbel.fgov.be/sites/default/files/files/opendata/Immo%20sector/TF_IMMO_SECTOR.zip,2026-07-01T13:02:46+00:00
bruxelles,21004c63,21004C63-,secteur_statistique,21004,21004C63-,Appartements,2024,24,,,,455000,338000,400000,455000,535000,600000,total_price_eur,real,officiel,statbel_cadastre,https://statbel.fgov.be/sites/default/files/files/opendata/Immo%20sector/TF_IMMO_SECTOR.zip,2026-07-01T13:02:46+00:00
bruxelles,21004d672,21004D672,secteur_statistique,21004,21004D672,Appartements,2024,26,,,,178000,120000,142000,178000,242750,265000,total_price_eur,real,officiel,statbel_cadastre,https://statbel.fgov.be/sites/default/files/files/opendata/Immo%20sector/TF_IMMO_SECTOR.zip,2026-07-01T13:02:46+00:00
bruxelles,21004e130,21004E130,secteur_statistique,21004,21004E130,Appartements,2024,20,,,,195000,150000,179000,195000,275000,375550,total_price_eur,real,officiel,statbel_cadastre,https://statbel.fgov.be/sites/default/files/files/opendata/Immo%20sector/TF_IMMO_SECTOR.zip,2026-07-01T13:02:46+00:00
bruxelles,21004e130,21004E130,secteur_statistique,21004,21004E130,Maisons avec 2 ou 3 façades (type fermé + type demi-fermé),2024,21,,,,382500,266750,330000,382500,495000,540000,total_price_eur,real,officiel,statbel_cadastre,https://statbel.fgov.be/sites/default/files/files/opendata/Immo%20sector/TF_IMMO_SECTOR.zip,2026-07-01T13:02:46+00:00
bruxelles,21004e130,21004E130,secteur_statistique,21004,21004E130,"Toutes les maisons avec 2, 3, 4 ou plus de façades (excl. appartements)",2024,21,,,,382500,266750,330000,382500,495000,540000,total_price_eur,real,officiel,statbel_cadastre,https://statbel.fgov.be/sites/default/files/files/opendata/Immo%20sector/TF_IMMO_SECTOR.zip,2026-07-01T13:02:46+00:00
bruxelles,21004e14,21004E14-,secteur_statistique,21004,21004E14-,Appartements,2024,25,,,,248000,133000,144500,248000,315000,320000,total_price_eur,real,officiel,statbel_cadastre,https://statbel.fgov.be/sites/default/files/files/opendata/Immo%20sector/TF_IMMO_SECTOR.zip,2026-07-01T13:02:46+00:00
bruxelles,21004e201,21004E201,secteur_statistique,21004,21004E201,Appartements,2024,30,,,,238750,159500,205000,238750,295000,353000,total_price_eur,real,officiel,statbel_cadastre,https://statbel.fgov.be/sites/default/files/files/opendata/Immo%20sector/TF_IMMO_SECTOR.zip,2026-07-01T13:02:46+00:00
bruxelles,21004e222,21004E222,secteur_statistique,21004,21004E222,Appartements,2024,55,,,,195000,125000,170000,195000,215000,240000,total_price_eur,real,officiel,statbel_cadastre,https://statbel.fgov.be/sites/default/files/files/opendata/Immo%20sector/TF_IMMO_SECTOR.zip,2026-07-01T13:02:46+00:00
bruxelles,21004e74,21004E74-,secteur_statistique,21004,21004E74-,Appartements,2024,45,,,,210000,140000,195000,210000,250000,380000,total_price_eur,real,officiel,statbel_cadastre,https://statbel.fgov.be/sites/default/files/files/opendata/Immo%20sector/TF_IMMO_SECTOR.zip,2026-07-01T13:02:46+00:00
bruxelles,21004e83,21004E83-,secteur_statistique,21004,21004E83-,Appartements,2024,34,,,,225000,165000,200000,225000,260000,295000,total_price_eur,real,officiel,statbel_cadastre,https://statbel.fgov.be/sites/default/files/files/opendata/Immo%20sector/TF_IMMO_SECTOR.zip,2026-07-01T13:02:46+00:00
bruxelles,21004f53k,21004F53K,secteur_statistique,21004,21004F53K,Appartements,2024,20,,,,267500,122500,221500,267500,300000,345000,total_price_eur,real,officiel,statbel_cadastre,https://statbel.fgov.be/sites/default/files/files/opendata/Immo%20sector/TF_IMMO_SECTOR.zip,2026-07-01T13:02:46+00:00
bruxelles,21004f91,21004F91-,secteur_statistique,21004,21004F91-,Appartements,2024,30,,,,244500,172500,202500,244500,280000,300000,total_price_eur,real,officiel,statbel_cadastre,https://statbel.fgov.be/sites/default/files/files/opendata/Immo%20sector/TF_IMMO_SECTOR.zip,2026-07-01T13:02:46+00:00
bruxelles,21005,21005,commune,21005,,Maisons avec 4 ou plus de façades (type ouvert),2025,,,,,,,,,,,,a_collecter,a_collecter,statbel_cadastre,,2026-07-01T13:02:44+00:00
bruxelles,21005a00,21005A00-,secteur_statistique,21005,21005A00-,Appartements,2024,50,,,,365000,221000,302500,365000,480000,540000,total_price_eur,real,officiel,statbel_cadastre,https://statbel.fgov.be/sites/default/files/files/opendata/Immo%20sector/TF_IMMO_SECTOR.zip,2026-07-01T13:02:46+00:00
bruxelles,21005a01,21005A01-,secteur_statistique,21005,21005A01-,Appartements,2024,23,,,,200000,165000,177500,200000,276000,300000,total_price_eur,real,officiel,statbel_cadastre,https://statbel.fgov.be/sites/default/files/files/opendata/Immo%20sector/TF_IMMO_SECTOR.zip,2026-07-01T13:02:46+00:00
bruxelles,21005a02,21005A02-,secteur_statistique,21005,21005A02-,Appartements,2024,21,,,,300000,154000,250000,300000,325000,502500,total_price_eur,real,officiel,statbel_cadastre,https://statbel.fgov.be/sites/default/files/files/opendata/Immo%20sector/TF_IMMO_SECTOR.zip,2026-07-01T13:02:46+00:00
bruxelles,21005a042,21005A042,secteur_statistique,21005,21005A042,Appartements,2024,45,,,,285000,170000,220000,285000,375000,555000,total_price_eur,real,officiel,statbel_cadastre,https://statbel.fgov.be/sites/default/files/files/opendata/Immo%20sector/TF_IMMO_SECTOR.zip,2026-07-01T13:02:46+00:00
bruxelles,21005a051,21005A051,secteur_statistique,21005,21005A051,Appartements,2024,50,,,,300000,180000,250000,300000,350000,480000,total_price_eur,real,officiel,statbel_cadastre,https://statbel.fgov.be/sites/default/files/files/opendata/Immo%20sector/TF_IMMO_SECTOR.zip,2026-07-01T13:02:46+00:00
bruxelles,21005a11,21005A11-,secteur_statistique,21005,21005A11-,Appartements,2024,36,,,,270500,210000,225000,270500,355000,445000,total_price_eur,real,officiel,statbel_cadastre,https://statbel.fgov.be/sites/default/files/files/opendata/Immo%20sector/TF_IMMO_SECTOR.zip,2026-07-01T13:02:46+00:00
bruxelles,21005a12,21005A12-,secteur_statistique,21005,21005A12-,Appartements,2024,44,,,,269000,180000,210500,269000,332000,437500,total_price_eur,real,officiel,statbel_cadastre,https://statbel.fgov.be/sites/default/files/files/opendata/Immo%20sector/TF_IMMO_SECTOR.zip,2026-07-01T13:02:46+00:00
bruxelles,21005a14,21005A14-,secteur_statistique,21005,21005A14-,Appartements,2024,35,,,,430000,178000,210000,430000,550000,665000,total_price_eur,real,officiel,statbel_cadastre,https://statbel.fgov.be/sites/default/files/files/opendata/Immo%20sector/TF_IMMO_SECTOR.zip,2026-07-01T13:02:46+00:00
bruxelles,21005a31k,21005A31K,secteur_statistique,21005,21005A31K,Appartements,2024,21,,,,385000,230000,287000,385000,430000,475000,total_price_eur,real,officiel,statbel_cadastre,https://statbel.fgov.be/sites/default/files/files/opendata/Immo%20sector/TF_IMMO_SECTOR.zip,2026-07-01T13:02:46+00:00
bruxelles,21006,21006,commune,21006,,Maisons avec 4 ou plus de façades (type ouvert),2025,,,,,,,,,,,,a_collecter,a_collecter,statbel_cadastre,,2026-07-01T13:02:44+00:00
bruxelles,21006a00k,21006A00K,secteur_statistique,21006,21006A00K,Appartements,2024,31,,,,240000,169000,208000,240000,310000,362500,total_price_eur,real,officiel,statbel_cadastre,https://statbel.fgov.be/sites/default/files/files/opendata/Immo%20sector/TF_IMMO_SECTOR.zip,2026-07-01T13:02:46+00:00
bruxelles,21006a011,21006A011,secteur_statistique,21006,21006A011,Appartements,2024,23,,,,219000,140000,190000,219000,252000,335000,total_price_eur,real,officiel,statbel_cadastre,https://statbel.fgov.be/sites/default/files/files/opendata/Immo%20sector/TF_IMMO_SECTOR.zip,2026-07-01T13:02:46+00:00
bruxelles,21006a101,21006A101,secteur_statistique,21006,21006A101,Appartements,2024,27,,,,217000,169000,200000,217000,250000,268000,total_price_eur,real,officiel,statbel_cadastre,https://statbel.fgov.be/sites/default/files/files/opendata/Immo%20sector/TF_IMMO_SECTOR.zip,2026-07-01T13:02:46+00:00
bruxelles,21006a13,21006A13-,secteur_statistique,21006,21006A13-,Appartements,2024,22,,,,224000,130000,155000,224000,270000,298000,total_price_eur,real,officiel,statbel_cadastre,https://statbel.fgov.be/sites/default/files/files/opendata/Immo%20sector/TF_IMMO_SECTOR.zip,2026-07-01T13:02:46+00:00
bruxelles,21006a22k,21006A22K,secteur_statistique,21006,21006A22K,Appartements,2024,30,,,,212500,187500,198000,212500,245000,281250,total_price_eur,real,officiel,statbel_cadastre,https://statbel.fgov.be/sites/default/files/files/opendata/Immo%20sector/TF_IMMO_SECTOR.zip,2026-07-01T13:02:46+00:00
bruxelles,21006a23,21006A23-,secteur_statistique,21006,21006A23-,Appartements,2024,52,,,,236500,158000,187500,236500,299000,330000,total_price_eur,real,officiel,statbel_cadastre,https://statbel.fgov.be/sites/default/files/files/opendata/Immo%20sector/TF_IMMO_SECTOR.zip,2026-07-01T13:02:46+00:00
bruxelles,21006a403,21006A403,secteur_statistique,21006,21006A403,Appartements,2024,28,,,,271250,189000,225000,271250,305000,355000,total_price_eur,real,officiel,statbel_cadastre,https://statbel.fgov.be/sites/default/files/files/opendata/Immo%20sector/TF_IMMO_SECTOR.zip,2026-07-01T13:02:46+00:00
bruxelles,21006a41l,21006A41L,secteur_statistique,21006,21006A41L,Appartements,2024,42,,,,278500,210000,240000,278500,315000,375000,total_price_eur,real,officiel,statbel_cadastre,https://statbel.fgov.be/sites/default/files/files/opendata/Immo%20sector/TF_IMMO_SECTOR.zip,2026-07-01T13:02:46+00:00
bruxelles,21006a47k,21006A47K,secteur_statistique,21006,21006A47K,Appartements,2024,20,,,,284500,220000,247500,284500,346000,395000,total_price_eur,real,officiel,statbel_cadastre,https://statbel.fgov.be/sites/default/files/files/opendata/Immo%20sector/TF_IMMO_SECTOR.zip,2026-07-01T13:02:46+00:00
bruxelles,21007,21007,commune,21007,,Maisons avec 4 ou plus de façades (type ouvert),2025,,,,,,,,,,,,a_collecter,a_collecter,statbel_cadastre,,2026-07-01T13:02:44+00:00
bruxelles,21007a00k,21007A00K,secteur_statistique,21007,21007A00K,Appartements,2024,40,,,,200000,120000,150000,200000,250000,320000,total_price_eur,real,officiel,statbel_cadastre,https://statbel.fgov.be/sites/default/files/files/opendata/Immo%20sector/TF_IMMO_SECTOR.zip,2026-07-01T13:02:46+00:00
bruxelles,21007a142,21007A142,secteur_statistique,21007,21007A142,Appartements,2024,22,,,,225000,190000,206000,225000,270000,295000,total_price_eur,real,officiel,statbel_cadastre,https://statbel.fgov.be/sites/default/files/files/opendata/Immo%20sector/TF_IMMO_SECTOR.zip,2026-07-01T13:02:46+00:00
bruxelles,21007a201,21007A201,secteur_statistique,21007,21007A201,Appartements,2024,20,,,,317500,211500,247500,317500,350000,382500,total_price_eur,real,officiel,statbel_cadastre,https://statbel.fgov.be/sites/default/files/files/opendata/Immo%20sector/TF_IMMO_SECTOR.zip,2026-07-01T13:02:46+00:00
bruxelles,21007a21,21007A21-,secteur_statistique,21007,21007A21-,Appartements,2024,21,,,,335000,217500,284000,335000,375000,420000,total_price_eur,real,officiel,statbel_cadastre,https://statbel.fgov.be/sites/default/files/files/opendata/Immo%20sector/TF_IMMO_SECTOR.zip,2026-07-01T13:02:46+00:00
bruxelles,21007a239,21007A239,secteur_statistique,21007,21007A239,Appartements,2024,50,,,,299500,227500,254000,299500,340000,365750,total_price_eur,real,officiel,statbel_cadastre,https://statbel.fgov.be/sites/default/files/files/opendata/Immo%20sector/TF_IMMO_SECTOR.zip,2026-07-01T13:02:46+00:00
bruxelles,21007a50,21007A50-,secteur_statistique,21007,21007A50-,Appartements,2024,21,,,,231000,150000,205000,231000,305000,475000,total_price_eur,real,officiel,statbel_cadastre,https://statbel.fgov.be/sites/default/files/files/opendata/Immo%20sector/TF_IMMO_SECTOR.zip,2026-07-01T13:02:46+00:00
bruxelles,21007a53,21007A53-,secteur_statistique,21007,21007A53-,Appartements,2024,33,,,,275000,159500,205000,275000,320000,382000,total_price_eur,real,officiel,statbel_cadastre,https://statbel.fgov.be/sites/default/files/files/opendata/Immo%20sector/TF_IMMO_SECTOR.zip,2026-07-01T13:02:46+00:00
bruxelles,21007a541,21007A541,secteur_statistique,21007,21007A541,Appartements,2024,20,,,,246250,169000,195000,246250,265000,360000,total_price_eur,real,officiel,statbel_cadastre,https://statbel.fgov.be/sites/default/files/files/opendata/Immo%20sector/TF_IMMO_SECTOR.zip,2026-07-01T13:02:46+00:00
bruxelles,21007a61,21007A61-,secteur_statistique,21007,21007A61-,Appartements,2024,51,,,,250000,167000,199000,250000,290000,344000,total_price_eur,real,officiel,statbel_cadastre,https://statbel.fgov.be/sites/default/files/files/opendata/Immo%20sector/TF_IMMO_SECTOR.zip,2026-07-01T13:02:46+00:00
bruxelles,21007a70k,21007A70K,secteur_statistique,21007,21007A70K,Appartements,2024,54,,,,285000,185000,237000,285000,350000,410000,total_price_eur,real,officiel,statbel_cadastre,https://statbel.fgov.be/sites/default/files/files/opendata/Immo%20sector/TF_IMMO_SECTOR.zip,2026-07-01T13:02:46+00:00
bruxelles,21007a72k,21007A72K,secteur_statistique,21007,21007A72K,Appartements,2024,61,,,,330000,190000,247500,330000,430000,545000,total_price_eur,real,officiel,statbel_cadastre,https://statbel.fgov.be/sites/default/files/files/opendata/Immo%20sector/TF_IMMO_SECTOR.zip,2026-07-01T13:02:46+00:00
bruxelles,21007a73,21007A73-,secteur_statistique,21007,21007A73-,Appartements,2024,27,,,,365000,214000,300000,365000,420000,500000,total_price_eur,real,officiel,statbel_cadastre,https://statbel.fgov.be/sites/default/files/files/opendata/Immo%20sector/TF_IMMO_SECTOR.zip,2026-07-01T13:02:46+00:00
bruxelles,21008,21008,commune,21008,,Maisons avec 4 ou plus de façades (type ouvert),2025,,,,,,,,,,,,a_collecter,a_collecter,statbel_cadastre,,2026-07-01T13:02:44+00:00
bruxelles,21008a10k,21008A10K,secteur_statistique,21008,21008A10K,Appartements,2024,30,,,,210000,165000,191000,210000,240000,259500,total_price_eur,real,officiel,statbel_cadastre,https://statbel.fgov.be/sites/default/files/files/opendata/Immo%20sector/TF_IMMO_SECTOR.zip,2026-07-01T13:02:46+00:00
bruxelles,21008a20,21008A20-,secteur_statistique,21008,21008A20-,Appartements,2024,46,,,,207500,145000,178750,207500,245000,285000,total_price_eur,real,officiel,statbel_cadastre,https://statbel.fgov.be/sites/default/files/files/opendata/Immo%20sector/TF_IMMO_SECTOR.zip,2026-07-01T13:02:46+00:00
bruxelles,21008a21k,21008A21K,secteur_statistique,21008,21008A21K,Appartements,2024,30,,,,247500,181000,196000,247500,315000,360000,total_price_eur,real,officiel,statbel_cadastre,https://statbel.fgov.be/sites/default/files/files/opendata/Immo%20sector/TF_IMMO_SECTOR.zip,2026-07-01T13:02:46+00:00
bruxelles,21008a24k,21008A24K,secteur_statistique,21008,21008A24K,Appartements,2024,22,,,,207500,149000,160000,207500,230000,259000,total_price_eur,real,officiel,statbel_cadastre,https://statbel.fgov.be/sites/default/files/files/opendata/Immo%20sector/TF_IMMO_SECTOR.zip,2026-07-01T13:02:46+00:00
bruxelles,21009,21009,commune,21009,,Maisons avec 4 ou plus de façades (type ouvert),2025,,,,,,,,,,,,a_collecter,a_collecter,statbel_cadastre,,2026-07-01T13:02:44+00:00
bruxelles,21009a00,21009A00-,secteur_statistique,21009,21009A00-,Appartements,2024,86,,,,355000,235000,290000,355000,457500,530000,total_price_eur,real,officiel,statbel_cadastre,https://statbel.fgov.be/sites/default/files/files/opendata/Immo%20sector/TF_IMMO_SECTOR.zip,2026-07-01T13:02:46+00:00
bruxelles,21009a03,21009A03-,secteur_statistique,21009,21009A03-,Appartements,2024,31,,,,287500,160000,226500,287500,377000,470000,total_price_eur,real,officiel,statbel_cadastre,https://statbel.fgov.be/sites/default/files/files/opendata/Immo%20sector/TF_IMMO_SECTOR.zip,2026-07-01T13:02:46+00:00
bruxelles,21009a13,21009A13-,secteur_statistique,21009,21009A13-,Appartements,2024,32,,,,280000,150000,170000,280000,470000,600000,total_price_eur,real,officiel,statbel_cadastre,https://statbel.fgov.be/sites/default/files/files/opendata/Immo%20sector/TF_IMMO_SECTOR.zip,2026-07-01T13:02:46+00:00
bruxelles,21009a21,21009A21-,secteur_statistique,21009,21009A21-,Appartements,2024,31,,,,178500,95000,150000,178500,235000,385000,total_price_eur,real,officiel,statbel_cadastre,https://statbel.fgov.be/sites/default/files/files/opendata/Immo%20sector/TF_IMMO_SECTOR.zip,2026-07-01T13:02:46+00:00
bruxelles,21009a22k,21009A22K,secteur_statistique,21009,21009A22K,Appartements,2024,75,,,,321250,190000,265000,321250,356250,410000,total_price_eur,real,officiel,statbel_cadastre,https://statbel.fgov.be/sites/default/files/files/opendata/Immo%20sector/TF_IMMO_SECTOR.zip,2026-07-01T13:02:46+00:00
bruxelles,21009a23,21009A23-,secteur_statistique,21009,21009A23-,Appartements,2024,36,,,,355000,178000,215000,355000,539000,664300,total_price_eur,real,officiel,statbel_cadastre,https://statbel.fgov.be/sites/default/files/files/opendata/Immo%20sector/TF_IMMO_SECTOR.zip,2026-07-01T13:02:46+00:00
bruxelles,21009a301,21009A301,secteur_statistique,21009,21009A301,Appartements,2024,23,,,,327500,215000,235000,327500,410000,525000,total_price_eur,real,officiel,statbel_cadastre,https://statbel.fgov.be/sites/default/files/files/opendata/Immo%20sector/TF_IMMO_SECTOR.zip,2026-07-01T13:02:46+00:00
bruxelles,21009a33,21009A33-,secteur_statistique,21009,21009A33-,Appartements,2024,38,,,,400000,182000,300000,400000,505000,595000,total_price_eur,real,officiel,statbel_cadastre,https://statbel.fgov.be/sites/default/files/files/opendata/Immo%20sector/TF_IMMO_SECTOR.zip,2026-07-01T13:02:46+00:00
bruxelles,21009a40,21009A40-,secteur_statistique,21009,21009A40-,Appartements,2024,24,,,,399500,175000,247500,399500,478500,510000,total_price_eur,real,officiel,statbel_cadastre,https://statbel.fgov.be/sites/default/files/files/opendata/Immo%20sector/TF_IMMO_SECTOR.zip,2026-07-01T13:02:46+00:00
bruxelles,21009a41,21009A41-,secteur_statistique,21009,21009A41-,Appartements,2024,39,,,,346000,190000,240000,346000,440000,595000,total_price_eur,real,officiel,statbel_cadastre,https://statbel.fgov.be/sites/default/files/files/opendata/Immo%20sector/TF_IMMO_SECTOR.zip,2026-07-01T13:02:46+00:00
bruxelles,21009a42,21009A42-,secteur_statistique,21009,21009A42-,Appartements,2024,36,,,,400000,310000,349500,400000,545000,715000,total_price_eur,real,officiel,statbel_cadastre,https://statbel.fgov.be/sites/default/files/files/opendata/Immo%20sector/TF_IMMO_SECTOR.zip,2026-07-01T13:02:46+00:00
bruxelles,21009a451,21009A451,secteur_statistique,21009,21009A451,Appartements,2024,21,,,,360000,200000,205000,360000,500000,583000,total_price_eur,real,officiel,statbel_cadastre,https://statbel.fgov.be/sites/default/files/files/opendata/Immo%20sector/TF_IMMO_SECTOR.zip,2026-07-01T13:02:46+00:00
bruxelles,21009a52,21009A52-,secteur_statistique,21009,21009A52-,Appartements,2024,31,,,,254000,160000,190000,254000,330000,420000,total_price_eur,real,officiel,statbel_cadastre,https://statbel.fgov.be/sites/default/files/files/opendata/Immo%20sector/TF_IMMO_SECTOR.zip,2026-07-01T13:02:46+00:00
bruxelles,21009a53,21009A53-,secteur_statistique,21009,21009A53-,Appartements,2024,52,,,,325000,155000,240000,325000,417500,560000,total_price_eur,real,officiel,statbel_cadastre,https://statbel.fgov.be/sites/default/files/files/opendata/Immo%20sector/TF_IMMO_SECTOR.zip,2026-07-01T13:02:46+00:00
bruxelles,21009a552,21009A552,secteur_statistique,21009,21009A552,Appartements,2024,22,,,,346500,130000,190000,346500,464000,720000,total_price_eur,real,officiel,statbel_cadastre,https://statbel.fgov.be/sites/default/files/files/opendata/Immo%20sector/TF_IMMO_SECTOR.zip,2026-07-01T13:02:46+00:00
bruxelles,21009a72,21009A72-,secteur_statistique,21009,21009A72-,Appartements,2024,24,,,,255000,183000,215000,255000,535000,725000,total_price_eur,real,officiel,statbel_cadastre,https://statbel.fgov.be/sites/default/files/files/opendata/Immo%20sector/TF_IMMO_SECTOR.zip,2026-07-01T13:02:46+00:00
bruxelles,21009a73,21009A73-,secteur_statistique,21009,21009A73-,Appartements,2024,25,,,,415000,300000,360000,415000,585000,650000,total_price_eur,real,officiel,statbel_cadastre,https://statbel.fgov.be/sites/default/files/files/opendata/Immo%20sector/TF_IMMO_SECTOR.zip,2026-07-01T13:02:46+00:00
bruxelles,21009a82k,21009A82K,secteur_statistique,21009,21009A82K,Appartements,2024,32,,,,360000,210000,300000,360000,525000,760000,total_price_eur,real,officiel,statbel_cadastre,https://statbel.fgov.be/sites/default/files/files/opendata/Immo%20sector/TF_IMMO_SECTOR.zip,2026-07-01T13:02:46+00:00
bruxelles,21010,21010,commune,21010,,Maisons avec 4 ou plus de façades (type ouvert),2025,,,,,,,,,,,,a_collecter,a_collecter,statbel_cadastre,,2026-07-01T13:02:44+00:00
bruxelles,21010a00,21010A00-,secteur_statistique,21010,21010A00-,Appartements,2024,51,,,,255000,165000,194000,255000,297000,320000,total_price_eur,real,officiel,statbel_cadastre,https://statbel.fgov.be/sites/default/files/files/opendata/Immo%20sector/TF_IMMO_SECTOR.zip,2026-07-01T13:02:46+00:00
bruxelles,21010a01,21010A01-,secteur_statistique,21010,21010A01-,Appartements,2024,24,,,,234500,165000,188150,234500,316500,387500,total_price_eur,real,officiel,statbel_cadastre,https://statbel.fgov.be/sites/default/files/files/opendata/Immo%20sector/TF_IMMO_SECTOR.zip,2026-07-01T13:02:46+00:00
bruxelles,21010a02,21010A02-,secteur_statistique,21010,21010A02-,Appartements,2024,44,,,,234000,155000,178000,234000,270000,295000,total_price_eur,real,officiel,statbel_cadastre,https://statbel.fgov.be/sites/default/files/files/opendata/Immo%20sector/TF_IMMO_SECTOR.zip,2026-07-01T13:02:46+00:00
bruxelles,21010a03,21010A03-,secteur_statistique,21010,21010A03-,Appartements,2024,20,,,,237000,155500,199250,237000,305000,445000,total_price_eur,real,officiel,statbel_cadastre,https://statbel.fgov.be/sites/default/files/files/opendata/Immo%20sector/TF_IMMO_SECTOR.zip,2026-07-01T13:02:46+00:00
bruxelles,21010a04,21010A04-,secteur_statistique,21010,21010A04-,Appartements,2024,36,,,,197500,120000,148500,197500,241250,395000,total_price_eur,real,officiel,statbel_cadastre,https://statbel.fgov.be/sites/default/files/files/opendata/Immo%20sector/TF_IMMO_SECTOR.zip,2026-07-01T13:02:46+00:00
bruxelles,21010a05,21010A05-,secteur_statistique,21010,21010A05-,Appartements,2024,36,,,,185500,139000,165000,185500,239000,364750,total_price_eur,real,officiel,statbel_cadastre,https://statbel.fgov.be/sites/default/files/files/opendata/Immo%20sector/TF_IMMO_SECTOR.zip,2026-07-01T13:02:46+00:00
bruxelles,21010a11k,21010A11K,secteur_statistique,21010,21010A11K,Appartements,2024,49,,,,199000,135000,179000,199000,235000,260000,total_price_eur,real,officiel,statbel_cadastre,https://statbel.fgov.be/sites/default/files/files/opendata/Immo%20sector/TF_IMMO_SECTOR.zip,2026-07-01T13:02:46+00:00
bruxelles,21010a13,21010A13-,secteur_statistique,21010,21010A13-,Appartements,2024,55,,,,185000,107000,123250,185000,224250,250000,total_price_eur,real,officiel,statbel_cadastre,https://statbel.fgov.be/sites/default/files/files/opendata/Immo%20sector/TF_IMMO_SECTOR.zip,2026-07-01T13:02:46+00:00
bruxelles,21010a141,21010A141,secteur_statistique,21010,21010A141,Appartements,2024,52,,,,210000,150000,172000,210000,246500,285000,total_price_eur,real,officiel,statbel_cadastre,https://statbel.fgov.be/sites/default/files/files/opendata/Immo%20sector/TF_IMMO_SECTOR.zip,2026-07-01T13:02:46+00:00
bruxelles,21010a1ak,21010A1AK,secteur_statistique,21010,21010A1AK,Appartements,2024,25,,,,282500,225000,245250,282500,317000,350000,total_price_eur,real,officiel,statbel_cadastre,https://statbel.fgov.be/sites/default/files/files/opendata/Immo%20sector/TF_IMMO_SECTOR.zip,2026-07-01T13:02:46+00:00
bruxelles,21010a21,21010A21-,secteur_statistique,21010,21010A21-,Appartements,2024,35,,,,229000,180000,190000,229000,282500,390000,total_price_eur,real,officiel,statbel_cadastre,https://statbel.fgov.be/sites/default/files/files/opendata/Immo%20sector/TF_IMMO_SECTOR.zip,2026-07-01T13:02:46+00:00
bruxelles,21011,21011,commune,21011,,Maisons avec 2 ou 3 façades (type fermé + type demi-fermé),2025,,,,,,,,,,,,a_collecter,a_collecter,statbel_cadastre,,2026-07-01T13:02:44+00:00
bruxelles,21011,21011,commune,21011,,Maisons avec 4 ou plus de façades (type ouvert),2025,,,,,,,,,,,,a_collecter,a_collecter,statbel_cadastre,,2026-07-01T13:02:44+00:00
bruxelles,21011,21011,commune,21011,,"Toutes les maisons avec 2, 3, 4 ou plus de façades (excl. appartements)",2025,,,,,,,,,,,,a_collecter,a_collecter,statbel_cadastre,,2026-07-01T13:02:44+00:00
bruxelles,21011a01,21011A01-,secteur_statistique,21011,21011A01-,Appartements,2024,41,,,,188000,120000,150000,188000,206000,250000,total_price_eur,real,officiel,statbel_cadastre,https://statbel.fgov.be/sites/default/files/files/opendata/Immo%20sector/TF_IMMO_SECTOR.zip,2026-07-01T13:02:46+00:00
bruxelles,21011a10,21011A10-,secteur_statistique,21011,21011A10-,Appartements,2024,37,,,,214000,138500,169000,214000,248500,264000,total_price_eur,real,officiel,statbel_cadastre,https://statbel.fgov.be/sites/default/files/files/opendata/Immo%20sector/TF_IMMO_SECTOR.zip,2026-07-01T13:02:46+00:00
bruxelles,21011a11,21011A11-,secteur_statistique,21011,21011A11-,Appartements,2024,23,,,,211000,160000,190000,211000,235000,269000,total_price_eur,real,officiel,statbel_cadastre,https://statbel.fgov.be/sites/default/files/files/opendata/Immo%20sector/TF_IMMO_SECTOR.zip,2026-07-01T13:02:46+00:00
bruxelles,21011a12,21011A12-,secteur_statistique,21011,21011A12-,Appartements,2024,27,,,,230000,165000,202000,230000,269000,300000,total_price_eur,real,officiel,statbel_cadastre,https://statbel.fgov.be/sites/default/files/files/opendata/Immo%20sector/TF_IMMO_SECTOR.zip,2026-07-01T13:02:46+00:00
bruxelles,21011a30,21011A30-,secteur_statistique,21011,21011A30-,Appartements,2024,22,,,,225000,115000,185000,225000,326000,510000,total_price_eur,real,officiel,statbel_cadastre,https://statbel.fgov.be/sites/default/files/files/opendata/Immo%20sector/TF_IMMO_SECTOR.zip,2026-07-01T13:02:46+00:00
bruxelles,21012,21012,commune,21012,,Maisons avec 4 ou plus de façades (type ouvert),2025,,,,,,,,,,,,a_collecter,a_collecter,statbel_cadastre,,2026-07-01T13:02:44+00:00
bruxelles,21012a152,21012A152,secteur_statistique,21012,21012A152,Appartements,2024,24,,,,155000,92000,111500,155000,199000,293000,total_price_eur,real,officiel,statbel_cadastre,https://statbel.fgov.be/sites/default/files/files/opendata/Immo%20sector/TF_IMMO_SECTOR.zip,2026-07-01T13:02:46+00:00
bruxelles,21012a20,21012A20-,secteur_statistique,21012,21012A20-,Appartements,2024,20,,,,196000,115000,169000,196000,270000,300000,total_price_eur,real,officiel,statbel_cadastre,https://statbel.fgov.be/sites/default/files/files/opendata/Immo%20sector/TF_IMMO_SECTOR.zip,2026-07-01T13:02:46+00:00
bruxelles,21012a23,21012A23-,secteur_statistique,21012,21012A23-,Appartements,2024,70,,,,198000,164000,182500,198000,220000,250000,total_price_eur,real,officiel,statbel_cadastre,https://statbel.fgov.be/sites/default/files/files/opendata/Immo%20sector/TF_IMMO_SECTOR.zip,2026-07-01T13:02:46+00:00
bruxelles,21012a24,21012A24-,secteur_statistique,21012,21012A24-,Appartements,2024,43,,,,220000,140000,185000,220000,255000,285000,total_price_eur,real,officiel,statbel_cadastre,https://statbel.fgov.be/sites/default/files/files/opendata/Immo%20sector/TF_IMMO_SECTOR.zip,2026-07-01T13:02:46+00:00
bruxelles,21012a26,21012A26-,secteur_statistique,21012,21012A26-,Appartements,2024,73,,,,215000,135000,179000,215000,269000,295000,total_price_eur,real,officiel,statbel_cadastre,https://statbel.fgov.be/sites/default/files/files/opendata/Immo%20sector/TF_IMMO_SECTOR.zip,2026-07-01T13:02:46+00:00
bruxelles,21012a30k,21012A30K,secteur_statistique,21012,21012A30K,Appartements,2024,24,,,,224500,150500,190500,224500,232500,288000,total_price_eur,real,officiel,statbel_cadastre,https://statbel.fgov.be/sites/default/files/files/opendata/Immo%20sector/TF_IMMO_SECTOR.zip,2026-07-01T13:02:46+00:00
bruxelles,21012a41k,21012A41K,secteur_statistique,21012,21012A41K,Appartements,2024,27,,,,214500,160000,199500,214500,255000,310000,total_price_eur,real,officiel,statbel_cadastre,https://statbel.fgov.be/sites/default/files/files/opendata/Immo%20sector/TF_IMMO_SECTOR.zip,2026-07-01T13:02:46+00:00
bruxelles,21012a50,21012A50-,secteur_statistique,21012,21012A50-,Appartements,2024,44,,,,230000,135000,162500,230000,255000,280000,total_price_eur,real,officiel,statbel_cadastre,https://statbel.fgov.be/sites/default/files/files/opendata/Immo%20sector/TF_IMMO_SECTOR.zip,2026-07-01T13:02:46+00:00
bruxelles,21012a511,21012A511,secteur_statistique,21012,21012A511,Appartements,2024,31,,,,184500,143000,155000,184500,222500,260000,total_price_eur,real,officiel,statbel_cadastre,https://statbel.fgov.be/sites/default/files/files/opendata/Immo%20sector/TF_IMMO_SECTOR.zip,2026-07-01T13:02:46+00:00
bruxelles,21012a52k,21012A52K,secteur_statistique,21012,21012A52K,Appartements,2024,48,,,,200000,148000,167500,200000,246000,269000,total_price_eur,real,officiel,statbel_cadastre,https://statbel.fgov.be/sites/default/files/files/opendata/Immo%20sector/TF_IMMO_SECTOR.zip,2026-07-01T13:02:46+00:00
bruxelles,21012a60,21012A60-,secteur_statistique,21012,21012A60-,Appartements,2024,29,,,,200000,125000,175000,200000,239000,345200,total_price_eur,real,officiel,statbel_cadastre,https://statbel.fgov.be/sites/default/files/files/opendata/Immo%20sector/TF_IMMO_SECTOR.zip,2026-07-01T13:02:46+00:00
bruxelles,21012a62,21012A62-,secteur_statistique,21012,21012A62-,Appartements,2024,30,,,,192000,135000,160000,192000,220000,302500,total_price_eur,real,officiel,statbel_cadastre,https://statbel.fgov.be/sites/default/files/files/opendata/Immo%20sector/TF_IMMO_SECTOR.zip,2026-07-01T13:02:46+00:00
bruxelles,21012a822,21012A822,secteur_statistique,21012,21012A822,Appartements,2024,30,,,,225000,165000,186000,225000,250000,325000,total_price_eur,real,officiel,statbel_cadastre,https://statbel.fgov.be/sites/default/files/files/opendata/Immo%20sector/TF_IMMO_SECTOR.zip,2026-07-01T13:02:46+00:00
bruxelles,21012a84,21012A84-,secteur_statistique,21012,21012A84-,Appartements,2024,58,,,,202500,142000,170000,202500,243500,284000,total_price_eur,real,officiel,statbel_cadastre,https://statbel.fgov.be/sites/default/files/files/opendata/Immo%20sector/TF_IMMO_SECTOR.zip,2026-07-01T13:02:46+00:00
bruxelles,21012a851,21012A851,secteur_statistique,21012,21012A851,Appartements,2024,25,,,,232500,165000,185000,232500,265000,308000,total_price_eur,real,officiel,statbel_cadastre,https://statbel.fgov.be/sites/default/files/files/opendata/Immo%20sector/TF_IMMO_SECTOR.zip,2026-07-01T13:02:46+00:00
bruxelles,21013,21013,commune,21013,,Maisons avec 4 ou plus de façades (type ouvert),2025,,,,,,,,,,,,a_collecter,a_collecter,statbel_cadastre,,2026-07-01T13:02:44+00:00
bruxelles,21013a01,21013A01-,secteur_statistique,21013,21013A01-,Appartements,2024,23,,,,285000,205000,256000,285000,397000,599000,total_price_eur,real,officiel,statbel_cadastre,https://statbel.fgov.be/sites/default/files/files/opendata/Immo%20sector/TF_IMMO_SECTOR.zip,2026-07-01T13:02:46+00:00
bruxelles,21013a02,21013A02-,secteur_statistique,21013,21013A02-,Appartements,2024,30,,,,295000,115000,145000,295000,416500,565000,total_price_eur,real,officiel,statbel_cadastre,https://statbel.fgov.be/sites/default/files/files/opendata/Immo%20sector/TF_IMMO_SECTOR.zip,2026-07-01T13:02:46+00:00
bruxelles,21013a052,21013A052,secteur_statistique,21013,21013A052,Appartements,2024,32,,,,292500,135000,177500,292500,482500,555000,total_price_eur,real,officiel,statbel_cadastre,https://statbel.fgov.be/sites/default/files/files/opendata/Immo%20sector/TF_IMMO_SECTOR.zip,2026-07-01T13:02:46+00:00
bruxelles,21013a41k,21013A41K,secteur_statistique,21013,21013A41K,Appartements,2024,21,,,,320000,260000,285000,320000,425000,545000,total_price_eur,real,officiel,statbel_cadastre,https://statbel.fgov.be/sites/default/files/files/opendata/Immo%20sector/TF_IMMO_SECTOR.zip,2026-07-01T13:02:46+00:00
bruxelles,21014,21014,commune,21014,,Maisons avec 4 ou plus de façades (type ouvert),2025,,,,,,,,,,,,a_collecter,a_collecter,statbel_cadastre,,2026-07-01T13:02:44+00:00
bruxelles,21014a00,21014A00-,secteur_statistique,21014,21014A00-,Appartements,2024,35,,,,170000,110000,129000,170000,220000,270000,total_price_eur,real,officiel,statbel_cadastre,https://statbel.fgov.be/sites/default/files/files/opendata/Immo%20sector/TF_IMMO_SECTOR.zip,2026-07-01T13:02:46+00:00
bruxelles,21014a03,21014A03-,secteur_statistique,21014,21014A03-,Appartements,2024,24,,,,210000,150000,190000,210000,265000,326000,total_price_eur,real,officiel,statbel_cadastre,https://statbel.fgov.be/sites/default/files/files/opendata/Immo%20sector/TF_IMMO_SECTOR.zip,2026-07-01T13:02:46+00:00
bruxelles,21014a05,21014A05-,secteur_statistique,21014,21014A05-,Appartements,2024,24,,,,176500,135000,152500,176500,224000,295000,total_price_eur,real,officiel,statbel_cadastre,https://statbel.fgov.be/sites/default/files/files/opendata/Immo%20sector/TF_IMMO_SECTOR.zip,2026-07-01T13:02:46+00:00
bruxelles,21015,21015,commune,21015,,Maisons avec 4 ou plus de façades (type ouvert),2025,,,,,,,,,,,,a_collecter,a_collecter,statbel_cadastre,,2026-07-01T13:02:44+00:00
bruxelles,21015a05,21015A05-,secteur_statistique,21015,21015A05-,Appartements,2024,22,,,,215000,150000,189000,215000,270000,340000,total_price_eur,real,officiel,statbel_cadastre,https://statbel.fgov.be/sites/default/files/files/opendata/Immo%20sector/TF_IMMO_SECTOR.zip,2026-07-01T13:02:46+00:00
bruxelles,21015a152,21015A152,secteur_statistique,21015,21015A152,Appartements,2024,23,,,,205000,130000,190000,205000,294000,390000,total_price_eur,real,officiel,statbel_cadastre,https://statbel.fgov.be/sites/default/files/files/opendata/Immo%20sector/TF_IMMO_SECTOR.zip,2026-07-01T13:02:46+00:00
bruxelles,21015a20,21015A20-,secteur_statistique,21015,21015A20-,Appartements,2024,38,,,,235000,159500,212500,235000,280000,330000,total_price_eur,real,officiel,statbel_cadastre,https://statbel.fgov.be/sites/default/files/files/opendata/Immo%20sector/TF_IMMO_SECTOR.zip,2026-07-01T13:02:46+00:00
bruxelles,21015a30,21015A30-,secteur_statistique,21015,21015A30-,Appartements,2024,21,,,,255000,210000,224000,255000,405000,418000,total_price_eur,real,officiel,statbel_cadastre,https://statbel.fgov.be/sites/default/files/files/opendata/Immo%20sector/TF_IMMO_SECTOR.zip,2026-07-01T13:02:46+00:00
bruxelles,21015a31,21015A31-,secteur_statistique,21015,21015A31-,Appartements,2024,24,,,,260875,165000,213500,260875,349000,450000,total_price_eur,real,officiel,statbel_cadastre,https://statbel.fgov.be/sites/default/files/files/opendata/Immo%20sector/TF_IMMO_SECTOR.zip,2026-07-01T13:02:46+00:00
bruxelles,21015a35,21015A35-,secteur_statistique,21015,21015A35-,Appartements,2024,26,,,,305000,175000,211000,305000,371750,400000,total_price_eur,real,officiel,statbel_cadastre,https://statbel.fgov.be/sites/default/files/files/opendata/Immo%20sector/TF_IMMO_SECTOR.zip,2026-07-01T13:02:46+00:00
bruxelles,21015a36,21015A36-,secteur_statistique,21015,21015A36-,Appartements,2024,28,,,,285000,148000,230000,285000,315000,395000,total_price_eur,real,officiel,statbel_cadastre,https://statbel.fgov.be/sites/default/files/files/opendata/Immo%20sector/TF_IMMO_SECTOR.zip,2026-07-01T13:02:46+00:00
bruxelles,21015a43,21015A43-,secteur_statistique,21015,21015A43-,Appartements,2024,26,,,,264500,150000,235000,264500,305000,350000,total_price_eur,real,officiel,statbel_cadastre,https://statbel.fgov.be/sites/default/files/files/opendata/Immo%20sector/TF_IMMO_SECTOR.zip,2026-07-01T13:02:46+00:00
bruxelles,21015a50,21015A50-,secteur_statistique,21015,21015A50-,Appartements,2024,64,,,,296000,160000,235000,296000,400000,455000,total_price_eur,real,officiel,statbel_cadastre,https://statbel.fgov.be/sites/default/files/files/opendata/Immo%20sector/TF_IMMO_SECTOR.zip,2026-07-01T13:02:46+00:00
bruxelles,21015a52,21015A52-,secteur_statistique,21015,21015A52-,Appartements,2024,27,,,,295000,175000,240000,295000,425000,570000,total_price_eur,real,officiel,statbel_cadastre,https://statbel.fgov.be/sites/default/files/files/opendata/Immo%20sector/TF_IMMO_SECTOR.zip,2026-07-01T13:02:46+00:00
bruxelles,21015a53,21015A53-,secteur_statistique,21015,21015A53-,Appartements,2024,42,,,,295000,147500,190000,295000,398050,460000,total_price_eur,real,officiel,statbel_cadastre,https://statbel.fgov.be/sites/default/files/files/opendata/Immo%20sector/TF_IMMO_SECTOR.zip,2026-07-01T13:02:46+00:00
bruxelles,21015a54,21015A54-,secteur_statistique,21015,21015A54-,Appartements,2024,60,,,,261250,151000,205000,261250,339500,385000,total_price_eur,real,officiel,statbel_cadastre,https://statbel.fgov.be/sites/default/files/files/opendata/Immo%20sector/TF_IMMO_SECTOR.zip,2026-07-01T13:02:46+00:00
bruxelles,21015a64,21015A64-,secteur_statistique,21015,21015A64-,Appartements,2024,26,,,,256500,170000,199500,256500,325000,370175,total_price_eur,real,officiel,statbel_cadastre,https://statbel.fgov.be/sites/default/files/files/opendata/Immo%20sector/TF_IMMO_SECTOR.zip,2026-07-01T13:02:46+00:00
bruxelles,21015a70,21015A70-,secteur_statistique,21015,21015A70-,Appartements,2024,28,,,,206250,140000,188750,206250,247500,326000,total_price_eur,real,officiel,statbel_cadastre,https://statbel.fgov.be/sites/default/files/files/opendata/Immo%20sector/TF_IMMO_SECTOR.zip,2026-07-01T13:02:46+00:00
bruxelles,21015a71,21015A71-,secteur_statistique,21015,21015A71-,Appartements,2024,21,,,,257000,189000,225000,257000,290000,310000,total_price_eur,real,officiel,statbel_cadastre,https://statbel.fgov.be/sites/default/files/files/opendata/Immo%20sector/TF_IMMO_SECTOR.zip,2026-07-01T13:02:46+00:00
bruxelles,21015a73,21015A73-,secteur_statistique,21015,21015A73-,Appartements,2024,34,,,,295000,206500,250000,295000,330000,347500,total_price_eur,real,officiel,statbel_cadastre,https://statbel.fgov.be/sites/default/files/files/opendata/Immo%20sector/TF_IMMO_SECTOR.zip,2026-07-01T13:02:46+00:00
bruxelles,21015a831,21015A831,secteur_statistique,21015,21015A831,Appartements,2024,61,,,,217222,148000,190000,217222,295000,350000,total_price_eur,real,officiel,statbel_cadastre,https://statbel.fgov.be/sites/default/files/files/opendata/Immo%20sector/TF_IMMO_SECTOR.zip,2026-07-01T13:02:46+00:00
bruxelles,21016a00k,21016A00K,secteur_statistique,21016,21016A00K,Appartements,2024,60,,,,260000,190000,227000,260000,327500,425000,total_price_eur,real,officiel,statbel_cadastre,https://statbel.fgov.be/sites/default/files/files/opendata/Immo%20sector/TF_IMMO_SECTOR.zip,2026-07-01T13:02:46+00:00
bruxelles,21016a01k,21016A01K,secteur_statistique,21016,21016A01K,Appartements,2024,22,,,,297500,219000,270000,297500,370000,451000,total_price_eur,real,officiel,statbel_cadastre,https://statbel.fgov.be/sites/default/files/files/opendata/Immo%20sector/TF_IMMO_SECTOR.zip,2026-07-01T13:02:46+00:00
bruxelles,21016a01k,21016A01K,secteur_statistique,21016,21016A01K,Maisons avec 2 ou 3 façades (type fermé + type demi-fermé),2024,27,,,,540000,300000,420000,540000,700000,835000,total_price_eur,real,officiel,statbel_cadastre,https://statbel.fgov.be/sites/default/files/files/opendata/Immo%20sector/TF_IMMO_SECTOR.zip,2026-07-01T13:02:46+00:00
bruxelles,21016a01k,21016A01K,secteur_statistique,21016,21016A01K,"Toutes les maisons avec 2, 3, 4 ou plus de façades (excl. appartements)",2024,31,,,,592000,330000,428000,592000,765000,900000,total_price_eur,real,officiel,statbel_cadastre,https://statbel.fgov.be/sites/default/files/files/opendata/Immo%20sector/TF_IMMO_SECTOR.zip,2026-07-01T13:02:46+00:00
bruxelles,21016a02k,21016A02K,secteur_statistique,21016,21016A02K,Appartements,2024,37,,,,270000,155000,202000,270000,311500,354000,total_price_eur,real,officiel,statbel_cadastre,https://statbel.fgov.be/sites/default/files/files/opendata/Immo%20sector/TF_IMMO_SECTOR.zip,2026-07-01T13:02:46+00:00
bruxelles,21016a03k,21016A03K,secteur_statistique,21016,21016A03K,Appartements,2024,26,,,,345000,190000,275000,345000,410000,475000,total_price_eur,real,officiel,statbel_cadastre,https://statbel.fgov.be/sites/default/files/files/opendata/Immo%20sector/TF_IMMO_SECTOR.zip,2026-07-01T13:02:46+00:00
bruxelles,21016a05,21016A05-,secteur_statistique,21016,21016A05-,Appartements,2024,49,,,,292500,225000,257000,292500,380000,530000,total_price_eur,real,officiel,statbel_cadastre,https://statbel.fgov.be/sites/default/files/files/opendata/Immo%20sector/TF_IMMO_SECTOR.zip,2026-07-01T13:02:46+00:00
bruxelles,21016a12,21016A12-,secteur_statistique,21016,21016A12-,Appartements,2024,38,,,,405000,231000,275000,405000,565000,960000,total_price_eur,real,officiel,statbel_cadastre,https://statbel.fgov.be/sites/default/files/files/opendata/Immo%20sector/TF_IMMO_SECTOR.zip,2026-07-01T13:02:46+00:00
bruxelles,21016a22k,21016A22K,secteur_statistique,21016,21016A22K,Appartements,2024,20,,,,416000,260000,305000,416000,570000,695000,total_price_eur,real,officiel,statbel_cadastre,https://statbel.fgov.be/sites/default/files/files/opendata/Immo%20sector/TF_IMMO_SECTOR.zip,2026-07-01T13:02:46+00:00
bruxelles,21016a232,21016A232,secteur_statistique,21016,21016A232,Appartements,2024,24,,,,240000,136250,165000,240000,505000,680000,total_price_eur,real,officiel,statbel_cadastre,https://statbel.fgov.be/sites/default/files/files/opendata/Immo%20sector/TF_IMMO_SECTOR.zip,2026-07-01T13:02:46+00:00
bruxelles,21016a34k,21016A34K,secteur_statistique,21016,21016A34K,Maisons avec 4 ou plus de façades (type ouvert),2024,25,,,,1285000,960500,1150000,1285000,2000000,2100000,total_price_eur,real,officiel,statbel_cadastre,https://statbel.fgov.be/sites/default/files/files/opendata/Immo%20sector/TF_IMMO_SECTOR.zip,2026-07-01T13:02:46+00:00
bruxelles,21016a34k,21016A34K,secteur_statistique,21016,21016A34K,"Toutes les maisons avec 2, 3, 4 ou plus de façades (excl. appartements)",2024,33,,,,1232500,752500,960500,1232500,1700000,2050000,total_price_eur,real,officiel,statbel_cadastre,https://statbel.fgov.be/sites/default/files/files/opendata/Immo%20sector/TF_IMMO_SECTOR.zip,2026-07-01T13:02:46+00:00
bruxelles,21016a44,21016A44-,secteur_statistique,21016,21016A44-,Appartements,2024,28,,,,330000,260000,300000,330000,375000,479000,total_price_eur,real,officiel,statbel_cadastre,https://statbel.fgov.be/sites/default/files/files/opendata/Immo%20sector/TF_IMMO_SECTOR.zip,2026-07-01T13:02:46+00:00
bruxelles,21016a701,21016A701,secteur_statistique,21016,21016A701,Appartements,2024,24,,,,240000,198000,210000,240000,278000,318000,total_price_eur,real,officiel,statbel_cadastre,https://statbel.fgov.be/sites/default/files/files/opendata/Immo%20sector/TF_IMMO_SECTOR.zip,2026-07-01T13:02:46+00:00
bruxelles,21016a80,21016A80-,secteur_statistique,21016,21016A80-,Appartements,2024,29,,,,360000,199000,250000,360000,422000,524000,total_price_eur,real,officiel,statbel_cadastre,https://statbel.fgov.be/sites/default/files/files/opendata/Immo%20sector/TF_IMMO_SECTOR.zip,2026-07-01T13:02:46+00:00
bruxelles,21016a81,21016A81-,secteur_statistique,21016,21016A81-,Appartements,2024,42,,,,307000,190000,245000,307000,400000,485000,total_price_eur,real,officiel,statbel_cadastre,https://statbel.fgov.be/sites/default/files/files/opendata/Immo%20sector/TF_IMMO_SECTOR.zip,2026-07-01T13:02:46+00:00
bruxelles,21016a82,21016A82-,secteur_statistique,21016,21016A82-,Appartements,2024,87,,,,447500,198500,304500,447500,592500,825000,total_price_eur,real,officiel,statbel_cadastre,https://statbel.fgov.be/sites/default/files/files/opendata/Immo%20sector/TF_IMMO_SECTOR.zip,2026-07-01T13:02:46+00:00
bruxelles,21016a831,21016A831,secteur_statistique,21016,21016A831,Appartements,2024,35,,,,435000,295000,346000,435000,555000,850000,total_price_eur,real,officiel,statbel_cadastre,https://statbel.fgov.be/sites/default/files/files/opendata/Immo%20sector/TF_IMMO_SECTOR.zip,2026-07-01T13:02:46+00:00
bruxelles,21016a85,21016A85-,secteur_statistique,21016,21016A85-,Appartements,2024,55,,,,380000,230000,283500,380000,460000,534000,total_price_eur,real,officiel,statbel_cadastre,https://statbel.fgov.be/sites/default/files/files/opendata/Immo%20sector/TF_IMMO_SECTOR.zip,2026-07-01T13:02:46+00:00
bruxelles,21016a90k,21016A90K,secteur_statistique,21016,21016A90K,Appartements,2024,29,,,,305000,135000,200000,305000,375000,450000,total_price_eur,real,officiel,statbel_cadastre,https://statbel.fgov.be/sites/default/files/files/opendata/Immo%20sector/TF_IMMO_SECTOR.zip,2026-07-01T13:02:46+00:00
bruxelles,21016a933,21016A933,secteur_statistique,21016,21016A933,Appartements,2024,35,,,,295000,195000,220000,295000,335000,415000,total_price_eur,real,officiel,statbel_cadastre,https://statbel.fgov.be/sites/default/files/files/opendata/Immo%20sector/TF_IMMO_SECTOR.zip,2026-07-01T13:02:46+00:00
bruxelles,21017,21017,commune,21017,,Maisons avec 4 ou plus de façades (type ouvert),2025,,,,,,,,,,,,a_collecter,a_collecter,statbel_cadastre,,2026-07-01T13:02:44+00:00
bruxelles,21017a52k,21017A52K,secteur_statistique,21017,21017A52K,Appartements,2024,32,,,,294500,175000,216000,294500,372500,430000,total_price_eur,real,officiel,statbel_cadastre,https://statbel.fgov.be/sites/default/files/files/opendata/Immo%20sector/TF_IMMO_SECTOR.zip,2026-07-01T13:02:46+00:00
bruxelles,21017a624,21017A624,secteur_statistique,21017,21017A624,Appartements,2024,28,,,,297000,145000,234000,297000,355000,415000,total_price_eur,real,officiel,statbel_cadastre,https://statbel.fgov.be/sites/default/files/files/opendata/Immo%20sector/TF_IMMO_SECTOR.zip,2026-07-01T13:02:46+00:00
bruxelles,21018,21018,commune,21018,,Maisons avec 4 ou plus de façades (type ouvert),2025,,,,,,,,,,,,a_collecter,a_collecter,statbel_cadastre,,2026-07-01T13:02:44+00:00
bruxelles,21018a031,21018A031,secteur_statistique,21018,21018A031,Appartements,2024,23,,,,400000,295000,365400,400000,443000,450000,total_price_eur,real,officiel,statbel_cadastre,https://statbel.fgov.be/sites/default/files/files/opendata/Immo%20sector/TF_IMMO_SECTOR.zip,2026-07-01T13:02:46+00:00
bruxelles,21018a20,21018A20-,secteur_statistique,21018,21018A20-,Appartements,2024,28,,,,308500,180000,231000,308500,377500,500000,total_price_eur,real,officiel,statbel_cadastre,https://statbel.fgov.be/sites/default/files/files/opendata/Immo%20sector/TF_IMMO_SECTOR.zip,2026-07-01T13:02:46+00:00
bruxelles,21018a21,21018A21-,secteur_statistique,21018,21018A21-,Appartements,2024,42,,,,325500,175000,245000,325500,440000,515000,total_price_eur,real,officiel,statbel_cadastre,https://statbel.fgov.be/sites/default/files/files/opendata/Immo%20sector/TF_IMMO_SECTOR.zip,2026-07-01T13:02:46+00:00
bruxelles,21018a22,21018A22-,secteur_statistique,21018,21018A22-,Appartements,2024,23,,,,365000,272000,332000,365000,437500,500000,total_price_eur,real,officiel,statbel_cadastre,https://statbel.fgov.be/sites/default/files/files/opendata/Immo%20sector/TF_IMMO_SECTOR.zip,2026-07-01T13:02:46+00:00
bruxelles,21018a24,21018A24-,secteur_statistique,21018,21018A24-,Appartements,2024,21,,,,375000,275000,325000,375000,465000,490000,total_price_eur,real,officiel,statbel_cadastre,https://statbel.fgov.be/sites/default/files/files/opendata/Immo%20sector/TF_IMMO_SECTOR.zip,2026-07-01T13:02:46+00:00
bruxelles,21018a30,21018A30-,secteur_statistique,21018,21018A30-,Appartements,2024,20,,,,355275,120625,183000,355275,462000,560000,total_price_eur,real,officiel,statbel_cadastre,https://statbel.fgov.be/sites/default/files/files/opendata/Immo%20sector/TF_IMMO_SECTOR.zip,2026-07-01T13:02:46+00:00
bruxelles,21018a311,21018A311,secteur_statistique,21018,21018A311,Appartements,2024,44,,,,240000,179000,203980,240000,271745,305000,total_price_eur,real,officiel,statbel_cadastre,https://statbel.fgov.be/sites/default/files/files/opendata/Immo%20sector/TF_IMMO_SECTOR.zip,2026-07-01T13:02:46+00:00
bruxelles,21018a33,21018A33-,secteur_statistique,21018,21018A33-,Appartements,2024,30,,,,382000,183500,305000,382000,460000,495000,total_price_eur,real,officiel,statbel_cadastre,https://statbel.fgov.be/sites/default/files/files/opendata/Immo%20sector/TF_IMMO_SECTOR.zip,2026-07-01T13:02:46+00:00
bruxelles,21018a3mk,21018A3MK,secteur_statistique,21018,21018A3MK,Appartements,2024,69,,,,384000,320000,350000,384000,450000,526000,total_price_eur,real,officiel,statbel_cadastre,https://statbel.fgov.be/sites/default/files/files/opendata/Immo%20sector/TF_IMMO_SECTOR.zip,2026-07-01T13:02:46+00:00
bruxelles,21018a41,21018A41-,secteur_statistique,21018,21018A41-,Appartements,2024,46,,,,298250,215000,252500,298250,365000,445000,total_price_eur,real,officiel,statbel_cadastre,https://statbel.fgov.be/sites/default/files/files/opendata/Immo%20sector/TF_IMMO_SECTOR.zip,2026-07-01T13:02:46+00:00
bruxelles,21018a62,21018A62-,secteur_statistique,21018,21018A62-,Appartements,2024,44,,,,337500,220000,266500,337500,380000,470000,total_price_eur,real,officiel,statbel_cadastre,https://statbel.fgov.be/sites/default/files/files/opendata/Immo%20sector/TF_IMMO_SECTOR.zip,2026-07-01T13:02:46+00:00
bruxelles,21018a72,21018A72-,secteur_statistique,21018,21018A72-,Appartements,2024,21,,,,265000,158750,202500,265000,375000,435000,total_price_eur,real,officiel,statbel_cadastre,https://statbel.fgov.be/sites/default/files/files/opendata/Immo%20sector/TF_IMMO_SECTOR.zip,2026-07-01T13:02:46+00:00
bruxelles,21019a14,21019A14-,secteur_statistique,21019,21019A14-,Appartements,2024,24,,,,237500,140000,145000,237500,275000,480000,total_price_eur,real,officiel,statbel_cadastre,https://statbel.fgov.be/sites/default/files/files/opendata/Immo%20sector/TF_IMMO_SECTOR.zip,2026-07-01T13:02:46+00:00
bruxelles,21019a32,21019A32-,secteur_statistique,21019,21019A32-,Appartements,2024,31,,,,260000,207000,250000,260000,310000,333000,total_price_eur,real,officiel,statbel_cadastre,https://statbel.fgov.be/sites/default/files/files/opendata/Immo%20sector/TF_IMMO_SECTOR.zip,2026-07-01T13:02:46+00:00
bruxelles,21019a33,21019A33-,secteur_statistique,21019,21019A33-,Appartements,2024,20,,,,262500,163000,240000,262500,310000,450000,total_price_eur,real,officiel,statbel_cadastre,https://statbel.fgov.be/sites/default/files/files/opendata/Immo%20sector/TF_IMMO_SECTOR.zip,2026-07-01T13:02:46+00:00
bruxelles,21019a51,21019A51-,secteur_statistique,21019,21019A51-,Appartements,2024,28,,,,351000,115000,290000,351000,457000,625000,total_price_eur,real,officiel,statbel_cadastre,https://statbel.fgov.be/sites/default/files/files/opendata/Immo%20sector/TF_IMMO_SECTOR.zip,2026-07-01T13:02:46+00:00
bruxelles,anderlecht,ANDERLECHT,commune,21001,,Appartements,2025,928,,,,210000,,170000,210000,260000,,total_price_eur,real,officiel,statbel_cadastre,https://statbel.fgov.be/sites/default/files/files/opendata/immo/vastgoed_2010_9999.zip,2026-07-01T13:02:44+00:00
bruxelles,anderlecht,ANDERLECHT,commune,21001,,Maisons avec 2 ou 3 façades (type fermé + type demi-fermé),2025,193,,,,340000,,293500,340000,405000,,total_price_eur,real,officiel,statbel_cadastre,https://statbel.fgov.be/sites/default/files/files/opendata/immo/vastgoed_2010_9999.zip,2026-07-01T13:02:44+00:00
bruxelles,anderlecht,ANDERLECHT,commune,21001,,"Toutes les maisons avec 2, 3, 4 ou plus de façades (excl. appartements)",2025,201,,,,341000,,295000,341000,415000,,total_price_eur,real,officiel,statbel_cadastre,https://statbel.fgov.be/sites/default/files/files/opendata/immo/vastgoed_2010_9999.zip,2026-07-01T13:02:44+00:00
bruxelles,auderghem,AUDERGHEM,commune,21002,,Appartements,2025,262,,,,319500,,252500,319500,409000,,total_price_eur,real,officiel,statbel_cadastre,https://statbel.fgov.be/sites/default/files/files/opendata/immo/vastgoed_2010_9999.zip,2026-07-01T13:02:44+00:00
bruxelles,auderghem,AUDERGHEM,commune,21002,,Maisons avec 2 ou 3 façades (type fermé + type demi-fermé),2025,132,,,,565000,,450000,565000,640000,,total_price_eur,real,officiel,statbel_cadastre,https://statbel.fgov.be/sites/default/files/files/opendata/immo/vastgoed_2010_9999.zip,2026-07-01T13:02:44+00:00
bruxelles,auderghem,AUDERGHEM,commune,21002,,"Toutes les maisons avec 2, 3, 4 ou plus de façades (excl. appartements)",2025,141,,,,575000,,450000,575000,700000,,total_price_eur,real,officiel,statbel_cadastre,https://statbel.fgov.be/sites/default/files/files/opendata/immo/vastgoed_2010_9999.zip,2026-07-01T13:02:44+00:00
bruxelles,berchemsainteagathe,BERCHEM-SAINTE-AGATHE,commune,21003,,Appartements,2025,151,,,,225000,,195000,225000,260000,,total_price_eur,real,officiel,statbel_cadastre,https://statbel.fgov.be/sites/default/files/files/opendata/immo/vastgoed_2010_9999.zip,2026-07-01T13:02:44+00:00
bruxelles,berchemsainteagathe,BERCHEM-SAINTE-AGATHE,commune,21003,,Maisons avec 2 ou 3 façades (type fermé + type demi-fermé),2025,85,,,,420000,,355000,420000,460000,,total_price_eur,real,officiel,statbel_cadastre,https://statbel.fgov.be/sites/default/files/files/opendata/immo/vastgoed_2010_9999.zip,2026-07-01T13:02:44+00:00
bruxelles,berchemsainteagathe,BERCHEM-SAINTE-AGATHE,commune,21003,,"Toutes les maisons avec 2, 3, 4 ou plus de façades (excl. appartements)",2025,91,,,,415000,,357000,415000,460000,,total_price_eur,real,officiel,statbel_cadastre,https://statbel.fgov.be/sites/default/files/files/opendata/immo/vastgoed_2010_9999.zip,2026-07-01T13:02:44+00:00
bruxelles,bruxelles,BRUXELLES,commune,21004,,Appartements,2025,1692,,,,270000,,200000,270000,382000,,total_price_eur,real,officiel,statbel_cadastre,https://statbel.fgov.be/sites/default/files/files/opendata/immo/vastgoed_2010_9999.zip,2026-07-01T13:02:44+00:00
bruxelles,bruxelles,BRUXELLES,commune,21004,,Maisons avec 2 ou 3 façades (type fermé + type demi-fermé),2025,220,,,,415000,,338000,415000,530000,,total_price_eur,real,officiel,statbel_cadastre,https://statbel.fgov.be/sites/default/files/files/opendata/immo/vastgoed_2010_9999.zip,2026-07-01T13:02:44+00:00
bruxelles,bruxelles,BRUXELLES,commune,21004,,"Toutes les maisons avec 2, 3, 4 ou plus de façades (excl. appartements)",2025,232,,,,430000,,340000,430000,550000,,total_price_eur,real,officiel,statbel_cadastre,https://statbel.fgov.be/sites/default/files/files/opendata/immo/vastgoed_2010_9999.zip,2026-07-01T13:02:44+00:00
bruxelles,etterbeek,ETTERBEEK,commune,21005,,Appartements,2025,485,,,,309000,,240000,309000,390000,,total_price_eur,real,officiel,statbel_cadastre,https://statbel.fgov.be/sites/default/files/files/opendata/immo/vastgoed_2010_9999.zip,2026-07-01T13:02:44+00:00
bruxelles,etterbeek,ETTERBEEK,commune,21005,,Maisons avec 2 ou 3 façades (type fermé + type demi-fermé),2025,60,,,,600000,,460000,600000,885000,,total_price_eur,real,officiel,statbel_cadastre,https://statbel.fgov.be/sites/default/files/files/opendata/immo/vastgoed_2010_9999.zip,2026-07-01T13:02:44+00:00
bruxelles,etterbeek,ETTERBEEK,commune,21005,,"Toutes les maisons avec 2, 3, 4 ou plus de façades (excl. appartements)",2025,60,,,,600000,,460000,600000,885000,,total_price_eur,real,officiel,statbel_cadastre,https://statbel.fgov.be/sites/default/files/files/opendata/immo/vastgoed_2010_9999.zip,2026-07-01T13:02:44+00:00
bruxelles,evere,EVERE,commune,21006,,Appartements,2025,456,,,,250000,,200000,250000,300000,,total_price_eur,real,officiel,statbel_cadastre,https://statbel.fgov.be/sites/default/files/files/opendata/immo/vastgoed_2010_9999.zip,2026-07-01T13:02:44+00:00
bruxelles,evere,EVERE,commune,21006,,Maisons avec 2 ou 3 façades (type fermé + type demi-fermé),2025,51,,,,430000,,360000,430000,525000,,total_price_eur,real,officiel,statbel_cadastre,https://statbel.fgov.be/sites/default/files/files/opendata/immo/vastgoed_2010_9999.zip,2026-07-01T13:02:44+00:00
bruxelles,evere,EVERE,commune,21006,,"Toutes les maisons avec 2, 3, 4 ou plus de façades (excl. appartements)",2025,51,,,,430000,,360000,430000,525000,,total_price_eur,real,officiel,statbel_cadastre,https://statbel.fgov.be/sites/default/files/files/opendata/immo/vastgoed_2010_9999.zip,2026-07-01T13:02:44+00:00
bruxelles,forest,FOREST,commune,21007,,Appartements,2025,600,,,,279500,,219500,279500,350000,,total_price_eur,real,officiel,statbel_cadastre,https://statbel.fgov.be/sites/default/files/files/opendata/immo/vastgoed_2010_9999.zip,2026-07-01T13:02:44+00:00
bruxelles,forest,FOREST,commune,21007,,Maisons avec 2 ou 3 façades (type fermé + type demi-fermé),2025,83,,,,650000,,455000,650000,860999,,total_price_eur,real,officiel,statbel_cadastre,https://statbel.fgov.be/sites/default/files/files/opendata/immo/vastgoed_2010_9999.zip,2026-07-01T13:02:44+00:00
bruxelles,forest,FOREST,commune,21007,,"Toutes les maisons avec 2, 3, 4 ou plus de façades (excl. appartements)",2025,86,,,,640000,,450000,640000,860999,,total_price_eur,real,officiel,statbel_cadastre,https://statbel.fgov.be/sites/default/files/files/opendata/immo/vastgoed_2010_9999.zip,2026-07-01T13:02:44+00:00
bruxelles,ganshoren,GANSHOREN,commune,21008,,Appartements,2025,221,,,,220000,,195000,220000,265000,,total_price_eur,real,officiel,statbel_cadastre,https://statbel.fgov.be/sites/default/files/files/opendata/immo/vastgoed_2010_9999.zip,2026-07-01T13:02:44+00:00
bruxelles,ganshoren,GANSHOREN,commune,21008,,Maisons avec 2 ou 3 façades (type fermé + type demi-fermé),2025,56,,,,384000,,315000,384000,450000,,total_price_eur,real,officiel,statbel_cadastre,https://statbel.fgov.be/sites/default/files/files/opendata/immo/vastgoed_2010_9999.zip,2026-07-01T13:02:44+00:00
bruxelles,ganshoren,GANSHOREN,commune,21008,,"Toutes les maisons avec 2, 3, 4 ou plus de façades (excl. appartements)",2025,58,,,,384000,,317500,384000,450000,,total_price_eur,real,officiel,statbel_cadastre,https://statbel.fgov.be/sites/default/files/files/opendata/immo/vastgoed_2010_9999.zip,2026-07-01T13:02:44+00:00
bruxelles,ixelles,IXELLES,commune,21009,,Appartements,2025,1023,,,,342000,,249000,342000,455000,,total_price_eur,real,officiel,statbel_cadastre,https://statbel.fgov.be/sites/default/files/files/opendata/immo/vastgoed_2010_9999.zip,2026-07-01T13:02:44+00:00
bruxelles,ixelles,IXELLES,commune,21009,,Maisons avec 2 ou 3 façades (type fermé + type demi-fermé),2025,116,,,,785000,,590000,785000,1069000,,total_price_eur,real,officiel,statbel_cadastre,https://statbel.fgov.be/sites/default/files/files/opendata/immo/vastgoed_2010_9999.zip,2026-07-01T13:02:44+00:00
bruxelles,ixelles,IXELLES,commune,21009,,"Toutes les maisons avec 2, 3, 4 ou plus de façades (excl. appartements)",2025,116,,,,785000,,590000,785000,1069000,,total_price_eur,real,officiel,statbel_cadastre,https://statbel.fgov.be/sites/default/files/files/opendata/immo/vastgoed_2010_9999.zip,2026-07-01T13:02:44+00:00
bruxelles,jette,JETTE,commune,21010,,Appartements,2025,511,,,,220000,,175000,220000,280000,,total_price_eur,real,officiel,statbel_cadastre,https://statbel.fgov.be/sites/default/files/files/opendata/immo/vastgoed_2010_9999.zip,2026-07-01T13:02:44+00:00
bruxelles,jette,JETTE,commune,21010,,Maisons avec 2 ou 3 façades (type fermé + type demi-fermé),2025,72,,,,412580,,325000,412580,520000,,total_price_eur,real,officiel,statbel_cadastre,https://statbel.fgov.be/sites/default/files/files/opendata/immo/vastgoed_2010_9999.zip,2026-07-01T13:02:44+00:00
bruxelles,jette,JETTE,commune,21010,,"Toutes les maisons avec 2, 3, 4 ou plus de façades (excl. appartements)",2025,82,,,,425000,,350000,425000,550000,,total_price_eur,real,officiel,statbel_cadastre,https://statbel.fgov.be/sites/default/files/files/opendata/immo/vastgoed_2010_9999.zip,2026-07-01T13:02:44+00:00
bruxelles,koekelberg,KOEKELBERG,commune,21011,,Appartements,2025,216,,,,226000,,187000,226000,265000,,total_price_eur,real,officiel,statbel_cadastre,https://statbel.fgov.be/sites/default/files/files/opendata/immo/vastgoed_2010_9999.zip,2026-07-01T13:02:44+00:00
bruxelles,molenbeeksaintjean,MOLENBEEK-SAINT-JEAN,commune,21012,,Appartements,2025,797,,,,219000,,176000,219000,265000,,total_price_eur,real,officiel,statbel_cadastre,https://statbel.fgov.be/sites/default/files/files/opendata/immo/vastgoed_2010_9999.zip,2026-07-01T13:02:44+00:00
bruxelles,molenbeeksaintjean,MOLENBEEK-SAINT-JEAN,commune,21012,,Maisons avec 2 ou 3 façades (type fermé + type demi-fermé),2025,61,,,,350000,,274000,350000,388500,,total_price_eur,real,officiel,statbel_cadastre,https://statbel.fgov.be/sites/default/files/files/opendata/immo/vastgoed_2010_9999.zip,2026-07-01T13:02:44+00:00
bruxelles,molenbeeksaintjean,MOLENBEEK-SAINT-JEAN,commune,21012,,"Toutes les maisons avec 2, 3, 4 ou plus de façades (excl. appartements)",2025,62,,,,350000,,275000,350000,390000,,total_price_eur,real,officiel,statbel_cadastre,https://statbel.fgov.be/sites/default/files/files/opendata/immo/vastgoed_2010_9999.zip,2026-07-01T13:02:44+00:00
bruxelles,saintgilles,SAINT-GILLES,commune,21013,,Appartements,2025,390,,,,297500,,210000,297500,415000,,total_price_eur,real,officiel,statbel_cadastre,https://statbel.fgov.be/sites/default/files/files/opendata/immo/vastgoed_2010_9999.zip,2026-07-01T13:02:44+00:00
bruxelles,saintgilles,SAINT-GILLES,commune,21013,,Maisons avec 2 ou 3 façades (type fermé + type demi-fermé),2025,34,,,,550000,,370000,550000,785000,,total_price_eur,real,officiel,statbel_cadastre,https://statbel.fgov.be/sites/default/files/files/opendata/immo/vastgoed_2010_9999.zip,2026-07-01T13:02:44+00:00
bruxelles,saintgilles,SAINT-GILLES,commune,21013,,"Toutes les maisons avec 2, 3, 4 ou plus de façades (excl. appartements)",2025,34,,,,550000,,370000,550000,785000,,total_price_eur,real,officiel,statbel_cadastre,https://statbel.fgov.be/sites/default/files/files/opendata/immo/vastgoed_2010_9999.zip,2026-07-01T13:02:44+00:00
bruxelles,saintjossetennoode,SAINT-JOSSE-TEN-NOODE,commune,21014,,Appartements,2025,189,,,,225000,,172000,225000,290000,,total_price_eur,real,officiel,statbel_cadastre,https://statbel.fgov.be/sites/default/files/files/opendata/immo/vastgoed_2010_9999.zip,2026-07-01T13:02:44+00:00
bruxelles,saintjossetennoode,SAINT-JOSSE-TEN-NOODE,commune,21014,,Maisons avec 2 ou 3 façades (type fermé + type demi-fermé),2025,26,,,,357500,,240000,357500,445000,,total_price_eur,real,officiel,statbel_cadastre,https://statbel.fgov.be/sites/default/files/files/opendata/immo/vastgoed_2010_9999.zip,2026-07-01T13:02:44+00:00
bruxelles,saintjossetennoode,SAINT-JOSSE-TEN-NOODE,commune,21014,,"Toutes les maisons avec 2, 3, 4 ou plus de façades (excl. appartements)",2025,26,,,,357500,,240000,357500,445000,,total_price_eur,real,officiel,statbel_cadastre,https://statbel.fgov.be/sites/default/files/files/opendata/immo/vastgoed_2010_9999.zip,2026-07-01T13:02:44+00:00
bruxelles,schaerbeek,SCHAERBEEK,commune,21015,,Appartements,2025,985,,,,266125,,210000,266125,335000,,total_price_eur,real,officiel,statbel_cadastre,https://statbel.fgov.be/sites/default/files/files/opendata/immo/vastgoed_2010_9999.zip,2026-07-01T13:02:44+00:00
bruxelles,schaerbeek,SCHAERBEEK,commune,21015,,Maisons avec 2 ou 3 façades (type fermé + type demi-fermé),2025,139,,,,468750,,379000,468750,622500,,total_price_eur,real,officiel,statbel_cadastre,https://statbel.fgov.be/sites/default/files/files/opendata/immo/vastgoed_2010_9999.zip,2026-07-01T13:02:44+00:00
bruxelles,schaerbeek,SCHAERBEEK,commune,21015,,"Toutes les maisons avec 2, 3, 4 ou plus de façades (excl. appartements)",2025,139,,,,468750,,379000,468750,622500,,total_price_eur,real,officiel,statbel_cadastre,https://statbel.fgov.be/sites/default/files/files/opendata/immo/vastgoed_2010_9999.zip,2026-07-01T13:02:44+00:00
bruxelles,uccle,UCCLE,commune,21016,,Appartements,2025,949,,,,336000,,249000,336000,460000,,total_price_eur,real,officiel,statbel_cadastre,https://statbel.fgov.be/sites/default/files/files/opendata/immo/vastgoed_2010_9999.zip,2026-07-01T13:02:44+00:00
bruxelles,uccle,UCCLE,commune,21016,,Maisons avec 2 ou 3 façades (type fermé + type demi-fermé),2025,279,,,,623000,,470000,623000,850000,,total_price_eur,real,officiel,statbel_cadastre,https://statbel.fgov.be/sites/default/files/files/opendata/immo/vastgoed_2010_9999.zip,2026-07-01T13:02:44+00:00
bruxelles,uccle,UCCLE,commune,21016,,Maisons avec 4 ou plus de façades (type ouvert),2025,54,,,,1250000,,1055000,1250000,1997500,,total_price_eur,real,officiel,statbel_cadastre,https://statbel.fgov.be/sites/default/files/files/opendata/immo/vastgoed_2010_9999.zip,2026-07-01T13:02:44+00:00
bruxelles,uccle,UCCLE,commune,21016,,"Toutes les maisons avec 2, 3, 4 ou plus de façades (excl. appartements)",2025,333,,,,700000,,500000,700000,1050000,,total_price_eur,real,officiel,statbel_cadastre,https://statbel.fgov.be/sites/default/files/files/opendata/immo/vastgoed_2010_9999.zip,2026-07-01T13:02:44+00:00
bruxelles,watermaelboitsfort,WATERMAEL-BOITSFORT,commune,21017,,Appartements,2025,144,,,,335000,,269000,335000,415000,,total_price_eur,real,officiel,statbel_cadastre,https://statbel.fgov.be/sites/default/files/files/opendata/immo/vastgoed_2010_9999.zip,2026-07-01T13:02:44+00:00
bruxelles,watermaelboitsfort,WATERMAEL-BOITSFORT,commune,21017,,Maisons avec 2 ou 3 façades (type fermé + type demi-fermé),2025,111,,,,585000,,500000,585000,780000,,total_price_eur,real,officiel,statbel_cadastre,https://statbel.fgov.be/sites/default/files/files/opendata/immo/vastgoed_2010_9999.zip,2026-07-01T13:02:44+00:00
bruxelles,watermaelboitsfort,WATERMAEL-BOITSFORT,commune,21017,,"Toutes les maisons avec 2, 3, 4 ou plus de façades (excl. appartements)",2025,119,,,,599000,,500000,599000,800000,,total_price_eur,real,officiel,statbel_cadastre,https://statbel.fgov.be/sites/default/files/files/opendata/immo/vastgoed_2010_9999.zip,2026-07-01T13:02:44+00:00
bruxelles,woluwesaintlambert,WOLUWE-SAINT-LAMBERT,commune,21018,,Appartements,2025,629,,,,350000,,260000,350000,430000,,total_price_eur,real,officiel,statbel_cadastre,https://statbel.fgov.be/sites/default/files/files/opendata/immo/vastgoed_2010_9999.zip,2026-07-01T13:02:44+00:00
bruxelles,woluwesaintlambert,WOLUWE-SAINT-LAMBERT,commune,21018,,Maisons avec 2 ou 3 façades (type fermé + type demi-fermé),2025,122,,,,670000,,507500,670000,812500,,total_price_eur,real,officiel,statbel_cadastre,https://statbel.fgov.be/sites/default/files/files/opendata/immo/vastgoed_2010_9999.zip,2026-07-01T13:02:44+00:00
bruxelles,woluwesaintlambert,WOLUWE-SAINT-LAMBERT,commune,21018,,"Toutes les maisons avec 2, 3, 4 ou plus de façades (excl. appartements)",2025,126,,,,665000,,507500,665000,805000,,total_price_eur,real,officiel,statbel_cadastre,https://statbel.fgov.be/sites/default/files/files/opendata/immo/vastgoed_2010_9999.zip,2026-07-01T13:02:44+00:00
bruxelles,woluwesaintpierre,WOLUWE-SAINT-PIERRE,commune,21019,,Appartements,2025,350,,,,371250,,290000,371250,515500,,total_price_eur,real,officiel,statbel_cadastre,https://statbel.fgov.be/sites/default/files/files/opendata/immo/vastgoed_2010_9999.zip,2026-07-01T13:02:44+00:00
bruxelles,woluwesaintpierre,WOLUWE-SAINT-PIERRE,commune,21019,,Maisons avec 2 ou 3 façades (type fermé + type demi-fermé),2025,171,,,,695000,,570000,695000,840000,,total_price_eur,real,officiel,statbel_cadastre,https://statbel.fgov.be/sites/default/files/files/opendata/immo/vastgoed_2010_9999.zip,2026-07-01T13:02:44+00:00
bruxelles,woluwesaintpierre,WOLUWE-SAINT-PIERRE,commune,21019,,Maisons avec 4 ou plus de façades (type ouvert),2025,38,,,,1075000,,850000,1075000,1360000,,total_price_eur,real,officiel,statbel_cadastre,https://statbel.fgov.be/sites/default/files/files/opendata/immo/vastgoed_2010_9999.zip,2026-07-01T13:02:44+00:00
bruxelles,woluwesaintpierre,WOLUWE-SAINT-PIERRE,commune,21019,,"Toutes les maisons avec 2, 3, 4 ou plus de façades (excl. appartements)",2025,209,,,,725500,,580000,725500,900000,,total_price_eur,real,officiel,statbel_cadastre,https://statbel.fgov.be/sites/default/files/files/opendata/immo/vastgoed_2010_9999.zip,2026-07-01T13:02:44+00:00
mont_saint_guibert,montsaintguibert,MONT-SAINT-GUIBERT,commune,25068,,Appartements,2025,34,,,,279000,,260000,279000,315000,,total_price_eur,real,officiel,statbel_cadastre,https://statbel.fgov.be/sites/default/files/files/opendata/immo/vastgoed_2010_9999.zip,2026-07-01T13:02:44+00:00
mont_saint_guibert,montsaintguibert,MONT-SAINT-GUIBERT,commune,25068,,Maisons avec 2 ou 3 façades (type fermé + type demi-fermé),2025,26,,,,343000,,244500,343000,410444,,total_price_eur,real,officiel,statbel_cadastre,https://statbel.fgov.be/sites/default/files/files/opendata/immo/vastgoed_2010_9999.zip,2026-07-01T13:02:44+00:00
mont_saint_guibert,montsaintguibert,MONT-SAINT-GUIBERT,commune,25068,,Maisons avec 4 ou plus de façades (type ouvert),2025,35,,,,400000,,355000,400000,535000,,total_price_eur,real,officiel,statbel_cadastre,https://statbel.fgov.be/sites/default/files/files/opendata/immo/vastgoed_2010_9999.zip,2026-07-01T13:02:44+00:00
mont_saint_guibert,montsaintguibert,MONT-SAINT-GUIBERT,commune,25068,,"Toutes les maisons avec 2, 3, 4 ou plus de façades (excl. appartements)",2025,61,,,,395000,,285000,395000,495000,,total_price_eur,real,officiel,statbel_cadastre,https://statbel.fgov.be/sites/default/files/files/opendata/immo/vastgoed_2010_9999.zip,2026-07-01T13:02:44+00:00
